{"stats":{"minecraft:picked_up":{"minecraft:birch_log":2,"born_in_chaos_v1:corpse_maggot":7,"minecraft:cooked_beef":14,"born_in_chaos_v1:monster_flesh":1,"minecraft:oak_log":2,"minecraft:shield":1,"minecraft:dirt":9,"minecraft:bone":13,"minecraft:iron_ingot":1,"minecraft:rose_bush":2,"minecraft:mangrove_log":1,"minecraft:stick":2,"born_in_chaos_v1:shattered_skull":2,"born_in_chaos_v1:ethereal_spirit":5,"epicfight:uchigatana":1,"minecraft:spruce_sapling":3,"minecraft:spruce_log":5,"rpgsmw:class_choose_orb":2,"minecraft:arrow":2,"minecraft:rotten_flesh":14,"minecraft:slime_ball":1,"epicfight:glove":1,"minecraft:coal":14,"minecraft:cobblestone":49},"minecraft:custom":{"minecraft:mob_kills":23,"minecraft:interact_with_crafting_table":16,"minecraft:damage_dealt_resisted":412,"minecraft:leave_game":6,"minecraft:time_since_death":138,"minecraft:climb_one_cm":414,"minecraft:damage_resisted":130,"minecraft:time_since_rest":163,"minecraft:sprint_one_cm":120675,"minecraft:damage_taken":7440,"minecraft:walk_one_cm":451672,"minecraft:drop":28,"minecraft:damage_dealt":11480,"minecraft:damage_dealt_absorbed":112,"minecraft:fly_one_cm":275354,"minecraft:player_kills":11,"minecraft:crouch_one_cm":1236,"minecraft:play_time":81488,"minecraft:deaths":7,"minecraft:sneak_time":203,"minecraft:jump":1258,"minecraft:total_world_time":81488,"minecraft:fall_one_cm":32377},"minecraft:used":{"epicfight:skillbook":1,"minecraft:stone_sword":35,"minecraft:stone_pickaxe":61,"minecraft:wooden_pickaxe":13,"minecraft:crafting_table":2,"minecraft:oak_log":1,"rpgsmw:miphril_spear":2,"epicfight:glove":39,"rpgsmw:iron_knife":41,"epicfight:stone_greatsword":20,"minecraft:wooden_sword":24,"minecraft:cooked_beef":11,"rpgsmw:steel_spear":1,"epicfight:uchigatana":24},"minecraft:mined":{"minecraft:powder_snow":4,"minecraft:rose_bush":2,"minecraft:tall_grass":2,"minecraft:cobblestone":2,"minecraft:grass":5,"minecraft:coal_ore":13,"minecraft:dirt":9,"minecraft:stone":45,"minecraft:oak_leaves":4,"minecraft:fern":1},"minecraft:killed":{"born_in_chaos_v1:zombie_lumberjack":2,"born_in_chaos_v1:swarmer":1,"born_in_chaos_v1:maggot":2,"born_in_chaos_v1:decrepit_skeleton":2,"minecraft:skeleton":1,"minecraft:zombie":3,"born_in_chaos_v1:dread_hound":1,"born_in_chaos_v1:corpse_fly":10,"born_in_chaos_v1:skeleton_thrasher":1},"minecraft:dropped":{"epicfight:uchigatana":2,"minecraft:cooked_beef":39,"rpgsmw:stone_spear":1,"minecraft:rotten_flesh":4,"rpgsmw:class_remove_orb":1,"minecraft:coal":1,"minecraft:rose_bush":2,"epicfight:glove":1,"rpgsmw:class_choose_orb":3,"epicfight:stone_greatsword":1,"epicfight:skillbook":2},"minecraft:killed_by":{"minecraft:player":1,"born_in_chaos_v1:skeleton_thrasher":1,"born_in_chaos_v1:zombie_lumberjack":1,"born_in_chaos_v1:zombie_bruiser":1,"born_in_chaos_v1:scarlet_persecutor":1,"born_in_chaos_v1:fallen_chaos_knight":2},"minecraft:crafted":{"minecraft:wooden_sword":1,"minecraft:crafting_table":2,"minecraft:spruce_planks":20,"minecraft:wooden_pickaxe":1,"epicfight:stone_greatsword":1,"minecraft:stick":8,"minecraft:stone_pickaxe":1,"minecraft:stone_sword":2}},"DataVersion":3120}