{"stats":{"minecraft:picked_up":{"iceandfire:pixie_dust":2,"born_in_chaos_v1:nightmare_mantleofthe_night_leggings":1,"epicfight:skillbook":2,"minecraft:porkchop":5,"born_in_chaos_v1:nightmare_mantleofthe_night_chestplate":1,"epicfight:iron_tachi":1,"minecraft:dirt":8,"minecraft:bone":1,"minecraft:rotten_flesh":2},"minecraft:custom":{"minecraft:time_since_rest":51127,"minecraft:sprint_one_cm":8021,"minecraft:damage_taken":343,"minecraft:walk_one_cm":131857,"minecraft:mob_kills":5,"minecraft:drop":10,"minecraft:damage_dealt":1300,"minecraft:damage_dealt_absorbed":28,"minecraft:player_kills":1,"minecraft:fly_one_cm":436883,"minecraft:crouch_one_cm":1627,"minecraft:play_time":51127,"minecraft:walk_under_water_one_cm":22803,"minecraft:sneak_time":1098,"minecraft:jump":78,"minecraft:leave_game":2,"minecraft:time_since_death":51127,"minecraft:walk_on_water_one_cm":3434,"minecraft:total_world_time":51127,"minecraft:fall_one_cm":627},"minecraft:killed":{"minecraft:pig":2,"iceandfire:pixie":1,"born_in_chaos_v1:decrepit_skeleton":1},"minecraft:used":{"minecraft:oak_log":2,"minecraft:trident":1,"epicfight:skillbook":5,"minecraft:flint_and_steel":1,"minecraft:lantern":1,"minecraft:grass_block":11,"minecraft:spruce_slab":3,"epicfight:iron_dagger":3,"epicfight:glove":8,"minecraft:spruce_trapdoor":1,"minecraft:wooden_shovel":9,"minecraft:coal_block":19,"minecraft:dirt":8,"minecraft:bow":21,"iceandfire:pixie_dust":1,"minecraft:dark_oak_fence":5,"minecraft:cobblestone_wall":1,"minecraft:chain":2,"minecraft:crossbow":1,"epicfight:uchigatana":12,"minecraft:obsidian":15,"epicfight:iron_tachi":9},"minecraft:mined":{"minecraft:grass":3,"minecraft:grass_block":2,"minecraft:dirt":6,"minecraft:tall_grass":1},"minecraft:dropped":{"epicfight:uchigatana":1,"born_in_chaos_v1:nightmare_mantleofthe_night_chestplate":2,"epicfight:iron_tachi":1,"born_in_chaos_v1:nightmare_mantleofthe_night_leggings":2,"born_in_chaos_v1:nightmare_mantleofthe_night_boots":1,"epicfight:skillbook":3}},"DataVersion":3120}