{"stats":{"minecraft:picked_up":{"iceandfire:pixie_dust":2,"minecraft:porkchop":2,"minecraft:dirt":8},"minecraft:custom":{"minecraft:time_since_rest":23488,"minecraft:crouch_one_cm":69,"minecraft:sprint_one_cm":2470,"minecraft:play_time":23488,"minecraft:walk_one_cm":32928,"minecraft:sneak_time":427,"minecraft:walk_under_water_one_cm":22803,"minecraft:mob_kills":2,"minecraft:jump":37,"minecraft:damage_dealt":200,"minecraft:leave_game":1,"minecraft:walk_on_water_one_cm":3434,"minecraft:time_since_death":23488,"minecraft:total_world_time":23488,"minecraft:fly_one_cm":423171},"minecraft:killed":{"iceandfire:pixie":1,"minecraft:pig":1},"minecraft:used":{"minecraft:oak_log":2,"epicfight:skillbook":5,"minecraft:coal_block":19,"minecraft:dirt":8,"minecraft:flint_and_steel":1,"iceandfire:pixie_dust":1,"minecraft:grass_block":11,"minecraft:lantern":1,"minecraft:spruce_slab":3,"minecraft:dark_oak_fence":5,"minecraft:cobblestone_wall":1,"minecraft:chain":2,"epicfight:glove":8,"minecraft:spruce_trapdoor":1,"minecraft:obsidian":15,"minecraft:wooden_shovel":9},"minecraft:mined":{"minecraft:grass":1,"minecraft:grass_block":2,"minecraft:dirt":6}},"DataVersion":3120}