{"stats":{"minecraft:picked_up":{"born_in_chaos_v1:corpse_maggot":3,"minecraft:stick":2,"minecraft:cooked_beef":10,"born_in_chaos_v1:shattered_skull":2,"born_in_chaos_v1:monster_flesh":1,"born_in_chaos_v1:ethereal_spirit":5,"minecraft:oak_log":2,"epicfight:uchigatana":1,"minecraft:spruce_sapling":3,"minecraft:shield":1,"minecraft:spruce_log":5,"minecraft:dirt":9,"rpgsmw:class_choose_orb":1,"minecraft:bone":9,"minecraft:rotten_flesh":10,"epicfight:glove":1,"minecraft:rose_bush":2,"minecraft:coal":14,"minecraft:mangrove_log":1,"minecraft:cobblestone":49},"minecraft:used":{"minecraft:oak_log":1,"epicfight:skillbook":1,"minecraft:stone_sword":35,"minecraft:stone_pickaxe":61,"epicfight:glove":39,"minecraft:wooden_pickaxe":13,"epicfight:stone_greatsword":20,"minecraft:wooden_sword":24,"minecraft:crafting_table":2,"minecraft:cooked_beef":10,"epicfight:uchigatana":1},"minecraft:custom":{"minecraft:time_since_rest":5031,"minecraft:damage_taken":6550,"minecraft:sprint_one_cm":106750,"minecraft:walk_one_cm":376418,"minecraft:mob_kills":9,"minecraft:drop":14,"minecraft:damage_dealt":7862,"minecraft:interact_with_crafting_table":16,"minecraft:fly_one_cm":252953,"minecraft:player_kills":9,"minecraft:crouch_one_cm":728,"minecraft:play_time":65662,"minecraft:deaths":6,"minecraft:sneak_time":143,"minecraft:damage_dealt_resisted":361,"minecraft:jump":1108,"minecraft:leave_game":5,"minecraft:time_since_death":4999,"minecraft:total_world_time":65662,"minecraft:fall_one_cm":31332},"minecraft:mined":{"minecraft:powder_snow":4,"minecraft:grass":5,"minecraft:coal_ore":13,"minecraft:rose_bush":2,"minecraft:dirt":9,"minecraft:tall_grass":1,"minecraft:cobblestone":2,"minecraft:stone":45,"minecraft:oak_leaves":4,"minecraft:fern":1},"minecraft:killed":{"minecraft:zombie":3,"born_in_chaos_v1:dread_hound":1,"born_in_chaos_v1:corpse_fly":3,"born_in_chaos_v1:zombie_lumberjack":1,"born_in_chaos_v1:skeleton_thrasher":1,"born_in_chaos_v1:decrepit_skeleton":1},"minecraft:dropped":{"minecraft:cooked_beef":30,"epicfight:uchigatana":2,"minecraft:rose_bush":2,"epicfight:glove":1,"minecraft:rotten_flesh":4,"epicfight:stone_greatsword":1,"minecraft:coal":1,"epicfight:skillbook":2},"minecraft:killed_by":{"born_in_chaos_v1:scarlet_persecutor":1,"born_in_chaos_v1:fallen_chaos_knight":2,"minecraft:player":1,"born_in_chaos_v1:skeleton_thrasher":1,"born_in_chaos_v1:zombie_bruiser":1},"minecraft:crafted":{"minecraft:wooden_sword":1,"minecraft:crafting_table":2,"minecraft:spruce_planks":20,"minecraft:stick":8,"minecraft:wooden_pickaxe":1,"minecraft:stone_pickaxe":1,"minecraft:stone_sword":2,"epicfight:stone_greatsword":1}},"DataVersion":3120}