{"stats":{"minecraft:picked_up":{"minecraft:birch_log":1,"born_in_chaos_v1:corpse_maggot":11,"minecraft:cooked_beef":15,"minecraft:jungle_log":1,"epicfight:skillbook":1,"epicfight:uchigatana":1,"minecraft:dirt":9,"rpgsmw:class_choose_orb":2,"minecraft:bone":1,"minecraft:rotten_flesh":10,"rpgsmw:stone_spear":1,"rpgsmw:class_remove_orb":1,"minecraft:iron_ingot":3,"minecraft:rose_bush":1,"minecraft:iron_sword":1,"minecraft:snowball":69,"minecraft:cobblestone":2},"minecraft:used":{"epicfight:skillbook":1,"minecraft:rose_bush":1,"rpgsmw:stone_spear":12,"minecraft:iron_sword":3,"minecraft:rotten_flesh":1,"minecraft:dirt":3,"minecraft:cooked_beef":2,"epicfight:uchigatana":21},"minecraft:custom":{"minecraft:time_since_rest":9125,"minecraft:damage_taken":4201,"minecraft:sprint_one_cm":48329,"minecraft:walk_one_cm":76411,"minecraft:mob_kills":13,"minecraft:damage_dealt":2466,"minecraft:damage_dealt_absorbed":182,"minecraft:fly_one_cm":63484,"minecraft:crouch_one_cm":2981,"minecraft:play_time":19740,"minecraft:deaths":6,"minecraft:sneak_time":515,"minecraft:jump":312,"minecraft:leave_game":1,"minecraft:time_since_death":9088,"minecraft:climb_one_cm":211,"minecraft:total_world_time":19740,"minecraft:fall_one_cm":9017},"minecraft:killed":{"born_in_chaos_v1:zombie_lumberjack":1,"born_in_chaos_v1:corpse_fly":7,"born_in_chaos_v1:swarmer":1,"minecraft:creeper":1,"born_in_chaos_v1:decrepit_skeleton":1},"minecraft:mined":{"minecraft:birch_leaves":1,"minecraft:grass_block":2,"minecraft:dirt":1},"minecraft:killed_by":{"born_in_chaos_v1:scarlet_persecutor":2,"minecraft:player":3,"born_in_chaos_v1:phantom_creeper_copy":1},"minecraft:crafted":{"minecraft:birch_planks":4,"minecraft:jungle_planks":4}},"DataVersion":3120}