{"stats":{"minecraft:picked_up":{"minecraft:birch_log":1,"minecraft:stick":3,"born_in_chaos_v1:corpse_maggot":16,"minecraft:crafting_table":2,"minecraft:cooked_beef":15,"minecraft:jungle_log":1,"epicfight:skillbook":1,"epicfight:uchigatana":1,"minecraft:spruce_sapling":4,"minecraft:spruce_log":10,"minecraft:dirt":10,"rpgsmw:class_choose_orb":2,"minecraft:bone":3,"minecraft:rotten_flesh":13,"rpgsmw:stone_spear":1,"rpgsmw:class_remove_orb":1,"minecraft:iron_ingot":3,"minecraft:rose_bush":1,"minecraft:iron_sword":1,"minecraft:snowball":69,"minecraft:cobblestone":2},"minecraft:used":{"minecraft:wooden_axe":7,"epicfight:skillbook":1,"minecraft:rose_bush":1,"rpgsmw:stone_spear":12,"minecraft:iron_sword":7,"minecraft:rotten_flesh":1,"minecraft:dirt":4,"minecraft:crafting_table":1,"minecraft:cooked_beef":2,"epicfight:uchigatana":21},"minecraft:custom":{"minecraft:time_since_rest":12306,"minecraft:sprint_one_cm":58756,"minecraft:damage_taken":4211,"minecraft:walk_one_cm":90068,"minecraft:mob_kills":15,"minecraft:drop":1,"minecraft:damage_dealt":2586,"minecraft:damage_dealt_absorbed":182,"minecraft:interact_with_crafting_table":1,"minecraft:fly_one_cm":81860,"minecraft:crouch_one_cm":4095,"minecraft:play_time":22921,"minecraft:deaths":6,"minecraft:sneak_time":746,"minecraft:jump":377,"minecraft:leave_game":2,"minecraft:time_since_death":12269,"minecraft:climb_one_cm":211,"minecraft:total_world_time":22921,"minecraft:fall_one_cm":10596},"minecraft:killed":{"born_in_chaos_v1:zombie_lumberjack":1,"born_in_chaos_v1:corpse_fly":7,"born_in_chaos_v1:swarmer":1,"minecraft:creeper":1,"born_in_chaos_v1:maggot":2,"born_in_chaos_v1:decrepit_skeleton":1},"minecraft:mined":{"minecraft:birch_leaves":1,"treechop:chopped_log":2,"minecraft:crafting_table":2,"minecraft:grass_block":3,"minecraft:dirt":1},"minecraft:dropped":{"born_in_chaos_v1:corpse_maggot":16},"minecraft:killed_by":{"born_in_chaos_v1:scarlet_persecutor":2,"minecraft:player":3,"born_in_chaos_v1:phantom_creeper_copy":1},"minecraft:crafted":{"minecraft:stick":4,"minecraft:crafting_table":1,"minecraft:spruce_planks":20,"minecraft:iron_pickaxe":1,"minecraft:wooden_axe":1,"minecraft:birch_planks":4,"minecraft:jungle_planks":4}},"DataVersion":3120}