{"stats":{"minecraft:picked_up":{"epicfight:skillbook":1,"epicfight:uchigatana":1,"minecraft:dirt":6,"minecraft:snowball":8,"minecraft:cobblestone":2},"minecraft:used":{"epicfight:skillbook":1,"epicfight:uchigatana":1},"minecraft:custom":{"minecraft:time_since_rest":1106,"minecraft:crouch_one_cm":1170,"minecraft:walk_one_cm":24931,"minecraft:play_time":7457,"minecraft:sprint_one_cm":19587,"minecraft:damage_taken":1690,"minecraft:deaths":4,"minecraft:sneak_time":154,"minecraft:jump":130,"minecraft:damage_dealt":312,"minecraft:time_since_death":1082,"minecraft:total_world_time":7457,"minecraft:climb_one_cm":211,"minecraft:fly_one_cm":25525,"minecraft:fall_one_cm":3515},"minecraft:mined":{"minecraft:birch_leaves":1},"minecraft:killed_by":{"born_in_chaos_v1:scarlet_persecutor":2,"minecraft:player":1,"born_in_chaos_v1:phantom_creeper_copy":1}},"DataVersion":3120}