{"stats":{"minecraft:picked_up":{"born_in_chaos_v1:corpse_maggot":1,"minecraft:stick":3,"born_in_chaos_v1:shattered_skull":1,"minecraft:feather":2,"minecraft:cooked_beef":10,"epicfight:stone_greatsword":1,"born_in_chaos_v1:seedof_chaos":1,"minecraft:leather":1,"epicfight:skillbook":1,"minecraft:oak_log":1,"epicfight:uchigatana":1,"minecraft:spruce_sapling":3,"minecraft:spruce_log":12,"minecraft:dirt":3,"minecraft:bone":4,"minecraft:rotten_flesh":9,"minecraft:rose_bush":1,"minecraft:coal":31,"minecraft:cobblestone":41},"minecraft:custom":{"minecraft:time_since_rest":940,"minecraft:sprint_one_cm":74476,"minecraft:damage_taken":5321,"minecraft:walk_one_cm":173331,"minecraft:mob_kills":9,"minecraft:drop":3,"minecraft:damage_dealt":5312,"minecraft:damage_dealt_absorbed":28,"minecraft:interact_with_crafting_table":13,"minecraft:player_kills":3,"minecraft:fly_one_cm":119406,"minecraft:crouch_one_cm":570,"minecraft:play_time":37859,"minecraft:deaths":9,"minecraft:sneak_time":877,"minecraft:damage_dealt_resisted":292,"minecraft:jump":559,"minecraft:leave_game":1,"minecraft:time_since_death":909,"minecraft:climb_one_cm":234,"minecraft:total_world_time":37859,"minecraft:fall_one_cm":11802},"minecraft:used":{"rpgsmw:stone_greatsword":34,"epicfight:skillbook":1,"minecraft:stone_pickaxe":25,"minecraft:wooden_pickaxe":54,"minecraft:spruce_sapling":3,"epicfight:stone_greatsword":21,"minecraft:dirt":3,"minecraft:cobblestone":6,"minecraft:cooked_beef":2,"epicfight:uchigatana":6},"minecraft:broken":{"minecraft:wooden_pickaxe":1},"minecraft:mined":{"minecraft:spruce_log":1,"minecraft:powder_snow":1,"treechop:chopped_log":2,"minecraft:coal_ore":31,"minecraft:dirt":3,"minecraft:cobblestone":1,"minecraft:stone":42},"minecraft:killed":{"iceandfire:hippogryph":1,"born_in_chaos_v1:bonescaller":1,"minecraft:zombie":1,"born_in_chaos_v1:corpse_fly":1,"born_in_chaos_v1:zombie_bruiser":1,"born_in_chaos_v1:baby_skeleton_minion":1,"born_in_chaos_v1:decrepit_skeleton":2},"minecraft:dropped":{"born_in_chaos_v1:shattered_skull":1,"epicfight:uchigatana":1,"born_in_chaos_v1:corpse_maggot":1},"minecraft:killed_by":{"born_in_chaos_v1:decaying_zombie":1,"minecraft:player":7,"born_in_chaos_v1:zombie_bruiser":1},"minecraft:crafted":{"minecraft:spruce_planks":48,"minecraft:stick":12,"minecraft:wooden_pickaxe":1,"minecraft:stone_pickaxe":1,"minecraft:stone_sword":1,"rpgsmw:stone_greatsword":1,"rpgsmw:woodenfiber":2,"minecraft:stone_axe":1}},"DataVersion":3120}