{"stats":{"minecraft:picked_up":{"rpgsmw:class_choose_orb":2,"born_in_chaos_v1:nightmare_mantleofthe_night_boots":2,"minecraft:rotten_flesh":2,"minecraft:wheat_seeds":2,"born_in_chaos_v1:nightmare_mantleofthe_night_leggings":2,"epicfight:skillbook":1,"born_in_chaos_v1:nightmare_mantleofthe_night_chestplate":2,"epicfight:uchigatana":2,"minecraft:dark_oak_log":2,"minecraft:cobblestone":1},"minecraft:custom":{"minecraft:time_since_rest":5976,"minecraft:crouch_one_cm":4672,"minecraft:deaths":1,"minecraft:play_time":14941,"minecraft:sprint_one_cm":22136,"minecraft:damage_taken":951,"minecraft:walk_one_cm":78154,"minecraft:sneak_time":2159,"minecraft:mob_kills":2,"minecraft:drop":4,"minecraft:jump":81,"minecraft:damage_dealt":662,"minecraft:leave_game":1,"minecraft:time_since_death":5948,"minecraft:total_world_time":14941,"minecraft:damage_dealt_absorbed":84,"minecraft:fall_one_cm":209,"minecraft:fly_one_cm":18463},"minecraft:killed":{"born_in_chaos_v1:zombie_lumberjack":1,"born_in_chaos_v1:maggot":2},"minecraft:killed_by":{"minecraft:player":1},"minecraft:used":{"epicfight:skillbook":1,"born_in_chaos_v1:nightmare_mantleofthe_night_leggings":1,"born_in_chaos_v1:nightmare_mantleofthe_night_chestplate":1,"epicfight:uchigatana":12},"minecraft:dropped":{"rpgsmw:class_choose_orb":1,"minecraft:rotten_flesh":1,"minecraft:dark_oak_log":1,"minecraft:wheat_seeds":1}},"DataVersion":3120}