{"stats":{"minecraft:picked_up":{"minecraft:cooked_beef":10,"minecraft:gravel":2,"minecraft:rose_bush":1,"minecraft:dirt":1},"minecraft:used":{"minecraft:stone_sword":9,"minecraft:dirt":1,"minecraft:gravel":2},"minecraft:custom":{"minecraft:time_since_rest":1837,"minecraft:damage_taken":2798,"minecraft:crouch_one_cm":1718,"minecraft:sprint_one_cm":30752,"minecraft:play_time":26330,"minecraft:deaths":6,"minecraft:walk_one_cm":32188,"minecraft:sneak_time":369,"minecraft:jump":240,"minecraft:damage_dealt":448,"minecraft:leave_game":6,"minecraft:time_since_death":0,"minecraft:climb_one_cm":222,"minecraft:total_world_time":26330,"minecraft:interact_with_crafting_table":2,"minecraft:fall_one_cm":6125,"minecraft:fly_one_cm":34671,"minecraft:player_kills":2},"minecraft:mined":{"minecraft:grass_block":1,"minecraft:gravel":2,"minecraft:powder_snow":4},"minecraft:killed_by":{"born_in_chaos_v1:decaying_zombie":1,"minecraft:player":5}},"DataVersion":3120}